"0","dados <- train$temperatura"
"0","previsoes <- c()"
"0",""
"0","for (i in 1:(length(test$temperatura))){"
"0","  # Adicionando a nova observação"
"0","  if (i != 1){"
"0","      dados <- c(dados, test[i-1,]$temperatura)"
"0","  }"
"0","  "
"0","  # Série com nova observação"
"0","  serie_temp <- ts(dados, frequency=12, start = 1981)"
"0","  "
"0","  # Melhores modelos"
"0","  marima <- arima(serie_temp, order = c(2, 0, 0), seasonal = list(order = c(1, 0, 1))) "
"0","  aehw.multiplicativo <- HoltWinters(serie_temp, alpha=NULL, beta=NULL, "
"0","                                   gamma=NULL, seasonal = c(""multiplicative""))"
"0","  # Previsão um passo a frente"
"0","  previsao_aehw <- predict(marima, n.ahead=1, prediction.interval = TRUE, level = 0.95,        interval=""prediction"")"
"0","  previsao_arima <- predict(aehw.multiplicativo, n.ahed=1, prediction.interval = TRUE, level = 0.95, interval=""prediction"")"
"0","  "
"0","  # Previsão AEHW"
"0","  aehw_xhat <- unname(previsao_aehw$pred)"
"0","  aehw_lwr <- unname(aehw_xhat - qnorm(0.025, lower.tail=FALSE)*previsao_aehw$se)"
"0","  aehw_upp <- unname(aehw_xhat + qnorm(0.025, lower.tail=FALSE)*previsao_aehw$se)"
"0","  "
"0","  previsoes_temp <- c(aehw_xhat, aehw_lwr, aehw_upp)"
"0","  "
"0","  # Previsão ARIMA"
"0","  previsoes_temp <- c(previsoes_temp, unname(previsao_arima[1,]), test$temperatura[i])"
"0","  "
"0","  previsoes <- rbind(previsoes, previsoes_temp)"
"0","  "
"0","}"
"0","rownames(previsoes) <- NULL"
"0","colnames(previsoes) <- c('AEHW_xhat', 'AEHW_lwr', 'AEHW_upp', "
"0","                         'ARIMA_xhat', 'ARIMA_upp', 'ARIMA_lwr', 'Y_t')"
"0","previsoes <- as.data.frame(previsoes)"
"0",""
"0","head(previsoes)"
