"0","library(tidyverse)"
"0","library(zoo)"
"0","library(lmtest)"
"0",""
"0","# Série Diária (Temperatura Mínima Diária)"
"0","melbourne_daily <- read_csv(""daily-min-temperatures.csv"")"
"0","colnames(melbourne_daily) <- c(""data"", ""temperatura"")"
"0",""
"0","# Série Mensal - (Temperatura Mínima Mensal Média)"
"0","melbourne_monthly <- melbourne_daily %>%"
"0","  mutate(data = as.yearmon(data)) %>%"
"0","  group_by(data) %>%"
"0","  summarize(temperatura = mean(temperatura))"
"0",""
"0",""
"0","n <- nrow(melbourne_monthly)"
"0",""
"0","# Seprando em Train/Test, 12 últimas observações para teste"
"0",""
"0","train <- melbourne_monthly[1:(n-12), ]"
"0","test <- melbourne_monthly[(n-11):n, ]"
"0",""
"0","head(train)"
