{"chunk_definitions":[{"row":17,"row_count":1,"visible":true,"expansion_state":0,"options":{"engine":"r","label":"setup","include":false},"document_id":"7F057098","chunk_id":"csetup_chunk","chunk_label":"setup"},{"row":62,"row_count":1,"visible":true,"expansion_state":0,"options":{"engine":"r","message":false,"warning":false,"label":"unnamed-chunk-1"},"document_id":"7F057098","chunk_id":"c6u7a3m6i7bh7","chunk_label":"unnamed-chunk-1"},{"row":73,"row_count":1,"visible":true,"expansion_state":0,"options":{"engine":"r","label":"unnamed-chunk-2"},"document_id":"7F057098","chunk_id":"ck2ptn5r4t3ce","chunk_label":"unnamed-chunk-2"},{"row":85,"row_count":1,"visible":true,"expansion_state":0,"options":{"engine":"r","label":"unnamed-chunk-3"},"document_id":"7F057098","chunk_id":"c1i07taiwyihz","chunk_label":"unnamed-chunk-3"},{"row":92,"row_count":1,"visible":true,"expansion_state":0,"options":{"engine":"r","label":"unnamed-chunk-4"},"document_id":"7F057098","chunk_id":"caathxw903wk8","chunk_label":"unnamed-chunk-4"},{"row":106,"row_count":1,"visible":true,"expansion_state":0,"options":{"engine":"r","label":"unnamed-chunk-5"},"document_id":"7F057098","chunk_id":"cmiipyw03j2hd","chunk_label":"unnamed-chunk-5"},{"row":156,"row_count":1,"visible":true,"expansion_state":0,"options":{"engine":"r","label":"unnamed-chunk-6"},"document_id":"7F057098","chunk_id":"c0timofqlzdr8","chunk_label":"unnamed-chunk-6"},{"row":162,"row_count":1,"visible":true,"expansion_state":0,"options":{"engine":"r","label":"unnamed-chunk-7"},"document_id":"7F057098","chunk_id":"c1m1gbr0m1jcu","chunk_label":"unnamed-chunk-7"},{"row":168,"row_count":1,"visible":true,"expansion_state":0,"options":{"engine":"r","label":"unnamed-chunk-8"},"document_id":"7F057098","chunk_id":"c0sysgcdl0vj8","chunk_label":"unnamed-chunk-8"},{"row":183,"row_count":1,"visible":true,"expansion_state":0,"options":{"engine":"r","label":"unnamed-chunk-9"},"document_id":"7F057098","chunk_id":"cz7qqgq53ypew","chunk_label":"unnamed-chunk-9"},{"row":197,"row_count":1,"visible":true,"expansion_state":0,"options":{"engine":"r","label":"unnamed-chunk-10"},"document_id":"7F057098","chunk_id":"cdzqogmaqgalg","chunk_label":"unnamed-chunk-10"},{"row":211,"row_count":1,"visible":true,"expansion_state":0,"options":{"engine":"r","label":"unnamed-chunk-11"},"document_id":"7F057098","chunk_id":"cmyad4ggzpot7","chunk_label":"unnamed-chunk-11"},{"row":224,"row_count":1,"visible":true,"expansion_state":0,"options":{"engine":"r","label":"unnamed-chunk-12"},"document_id":"7F057098","chunk_id":"c91nppgwpuqma","chunk_label":"unnamed-chunk-12"},{"row":234,"row_count":1,"visible":true,"expansion_state":0,"options":{"engine":"r","label":"unnamed-chunk-13"},"document_id":"7F057098","chunk_id":"cq6mrnjv23ggc","chunk_label":"unnamed-chunk-13"},{"row":242,"row_count":1,"visible":true,"expansion_state":0,"options":{"engine":"r","warning":false,"label":"unnamed-chunk-14"},"document_id":"7F057098","chunk_id":"cwckmxuev47rc","chunk_label":"unnamed-chunk-14"},{"row":250,"row_count":1,"visible":true,"expansion_state":0,"options":{"engine":"r","label":"unnamed-chunk-15"},"document_id":"7F057098","chunk_id":"cg3d7gge6dme8","chunk_label":"unnamed-chunk-15"},{"row":253,"row_count":1,"visible":true,"expansion_state":0,"options":{"engine":"r","label":"unnamed-chunk-16"},"document_id":"7F057098","chunk_id":"cb2xddmu2dvmr","chunk_label":"unnamed-chunk-16"},{"row":264,"row_count":1,"visible":true,"expansion_state":0,"options":{"engine":"r","label":"unnamed-chunk-17"},"document_id":"7F057098","chunk_id":"csksky4o9fq1y","chunk_label":"unnamed-chunk-17"},{"row":314,"row_count":1,"visible":true,"expansion_state":0,"options":{"engine":"r","warning":false,"label":"unnamed-chunk-59"},"document_id":"7F057098","chunk_id":"cyjclfm5httal","chunk_label":"unnamed-chunk-18"},{"row":326,"row_count":1,"visible":true,"expansion_state":0,"options":{"engine":"r","label":"unnamed-chunk-60"},"document_id":"7F057098","chunk_id":"cq1jyonone8zq","chunk_label":"unnamed-chunk-19"},{"row":339,"row_count":1,"visible":true,"expansion_state":0,"options":{"engine":"r","label":"unnamed-chunk-77"},"document_id":"7F057098","chunk_id":"czzhl1u626qce","chunk_label":"unnamed-chunk-20"},{"row":352,"row_count":1,"visible":true,"expansion_state":0,"options":{"engine":"r","label":"unnamed-chunk-78"},"document_id":"7F057098","chunk_id":"ceg1xjbx0txny","chunk_label":"unnamed-chunk-21"}],"doc_write_time":1700686855,"working_dir":null,"default_chunk_options":{"echo":true},"chunk_rendered_width":700}