"0","#Sobrefixo AR(2) parte sazonal"
"0","M1 <- arima(serie, order = c(2, 0, 0), seasonal = list(order = c(2, 0, 0)))"
"0",""
"0","M2 <-  arima(serie, order = c(1, 0, 1), seasonal = list(order = c(2, 0, 0)))"
"0",""
"0","M3 <-  arima(serie, order = c(4, 0, 0), seasonal = list(order = c(2, 0, 0)))"
"0",""
"0","M4 <-  arima(serie, order = c(0, 0, 2), seasonal = list(order = c(2, 0, 0)))"
"0",""
"0",""
"0","#Sobrefixo AR(1) parte sazonal"
"0","M5 <- arima(serie, order = c(2, 0, 0), seasonal = list(order = c(1, 0, 0))) "
"0",""
"0","M6 <- arima(serie, order = c(1, 0, 1), seasonal = list(order = c(1, 0, 0)))"
"0",""
"0","M7 <- arima(serie, order = c(4, 0, 0), seasonal = list(order = c(1, 0, 0)))"
"0",""
"0","M8 <- arima(serie, order = c(0, 0, 2), seasonal = list(order = c(1, 0, 0)))"
"0",""
"0",""
"0","#Sobrefixo ARRIMA(1,0,1) parte sazonal"
"0","M9 <- arima(serie, order = c(2, 0, 0), seasonal = list(order = c(1, 0, 1))) "
"0",""
"0","M10 <- arima(serie, order = c(1, 0, 1), seasonal = list(order = c(1, 0, 1)))"
"0",""
"0","M11 <- arima(serie, order = c(4, 0, 0), seasonal = list(order = c(1, 0, 1)))"
"0",""
"0","M12 <- arima(serie, order = c(0, 0, 2), seasonal = list(order = c(1, 0, 1)))"
"0",""
"0"," "
"0","AIC <- c(M1$aic,M2$aic,M3$aic,M4$aic,M5$aic,M6$aic,M7$aic,M8$aic,M9$aic,M10$aic,M11$aic,M12$aic)"
"0",""
"0","Modelos <- rep(1:12)"
"0",""
"0","resultado <- as.data.frame(cbind(Modelos, AIC)) %>% "
"0","  arrange(AIC)"
"0",""
"0","resultado"
